state,maxTemp,minTemp,avgTemp
Australian Capital Territory,21.60579119,7.495612868,14.55070203
New South Wales,23.8207373,13.87618972,18.84846351
Northern Territory,32.45536081,19.54383227,25.99959654
Queensland,28.18710499,19.04720658,23.61715579
South Australia,22.28065446,10.30116078,16.29090762
Tasmania,18.12606648,8.34989511,13.2379808
Victoria,20.84745207,9.157466004,15.00245904
Western Australia,26.444901,15.13499833,20.78994966
