"","Group.1","Group.2","x"
"1","Australian Capital Territory",2020,21.96875
"2","New South Wales",2020,24.3616497829233
"3","Northern Territory",2020,32.2377570093458
"4","Queensland",2020,28.8131428571429
"5","South Australia",2020,22.6757746478873
"6","Tasmania",2020,18.790395480226
"7","Victoria",2020,21.511315417256
"8","Western Australia",2020,27.6746686303387
